MKM;Murders at Karlov Manor;09.02.2024
CLU;Ravnica: Clue Edition;09.02.2024
PIP;Fallout;08.03.2024
RVR;Ravnica Remastered;12.01.2024
LCI;The Lost Caverns of Ixalan;17.11.2023
WHO;Universes Beyond: Doctor Who;13.10.2023
WOE;Wilds of Eldraine;08.09.2023
LTR;The Lord of the Rings: Tales of Middle-earth;23.06.2023
LTC;Tales of Middle-earth Commander;23.06.2023
CMM;Commander Masters;04.08.2023
MAT;March of the Machine: The Aftermath;12.05.2023
MOM;March of the Machine;21.04.2023
MOC;March of the Machine Commander;21.04.2023
SIR;Shadows over Innistrad Remastered;21.03.2023
ONE;Phyrexia: All Will Be One;03.02.2023
ONC;Phyrexia: All Will Be One Commander;03.02.2023
DMR;Dominaria Remastered;13.01.2023
SDC;Starter Commander Decks;02.12.2022
J22;Jumpstart 2022;02.12.2022
BRR;The Brothers' War Retro Artifacts;18.11.2022
BOT;Transformers;18.11.2022
BRO;The Brothers' War;18.11.2022
BRC;The Brothers' War Commander;18.11.2022
UNF;Unfinity;07.10.2022
40K;Warhammer 40K Commander;07.10.2022
DMU;Dominaria United;09.09.2022
DMC;Dominaria United Commander;09.09.2022
2X2;Double Masters 2022;08.07.2022
HBG;Alchemy Horizons: Baldur's Gate;07.07.2022
CLB;Commander Legends: Battle for Baldur's Gate;10.06.2022
PCLB;Commander Legends: Battle for Baldur's Gate Promos;10.06.2022
YSNC;Alchemy: New Capenna;02.06.2022
PSNC;Streets of New Capenna Promos;30.04.2022
SNC;Streets of New Capenna;29.04.2022
NCC;New Capenna Commander;29.04.2022
TSNC;Streets of New Capenna Tokens;29.04.2022
TNCC;New Capenna Commander Tokens;20.04.2022
PNCC;New Capenna Commander Promos;09.04.2022
PW22;Wizards Play Network 2022;05.03.2022
PL22;Year of the Tiger 2022;25.02.2022
NEO;Kamigawa: Neon Dynasty;18.02.2022
NEC;Neon Dynasty Commander;18.02.2022
PNEO;Kamigawa: Neon Dynasty Promos;18.02.2022
TNEO;Kamigawa: Neon Dynasty Tokens;18.02.2022
TNEC;Neon Dynasty Commander Tokens;18.02.2022
DBL;Innistrad: Double Feature;28.01.2022
CC2;Commander Collection: Black;28.01.2022
P22;Judge Gift Cards 2022;01.01.2022
Y22;Alchemy 2022;09.12.2021
VOW;Innistrad: Crimson Vow;19.11.2021
VOC;Crimson Vow Commander;19.11.2021
TVOW;Innistrad: Crimson Vow Tokens;19.11.2021
MID;Innistrad: Midnight Hunt;21.10.2021
Q06;Pioneer Challenge Decks 2021;15.10.2021
MIC;Midnight Hunt Commander;24.09.2021
TMIC;Midnight Hunt Commander Tokens;24.09.2021
TMID;Innistrad: Midnight Hunt Tokens;24.09.2021
PMID;Innistrad: Midnight Hunt Promos;24.09.2021
J21;Jumpstart: Historic Horizons;26.08.2021
AFR;Adventures in the Forgotten Realms;23.07.2021
TAFR;Adventures in the Forgotten Realms Tokens;23.07.2021
AFC;Forgotten Realms Commander;23.07.2021
PAFR;Adventures in the Forgotten Realms Promos;23.07.2021
PLG21;Love Your LGS 2021;22.06.2021
H1R;Modern Horizons 1 Timeshifts;18.06.2021
MH2;Modern Horizons 2;18.06.2021
PWP21;Wizards Play Network 2021;18.06.2021
PMH2;Modern Horizons 2 Promos;18.06.2021
TMH2;Modern Horizons 2 Tokens;18.06.2021
HA5;Historic Anthology 5;27.05.2021
TSTX;Strixhaven: School of Mages Tokens;23.04.2021
STX;Strixhaven: School of Mages;23.04.2021
STA;Strixhaven Mystical Archive;23.04.2021
C21;Commander 2021;23.04.2021
TC21;Commander 2021 Tokens;23.04.2021
TTSR;Time Spiral Remastered Tokens;19.03.2021
TSR;Time Spiral Remastered;19.03.2021
HA4;Historic Anthology 4;11.03.2021
TKHM;Kaldheim Tokens;05.02.2021
PKHM;Kaldheim Promos;05.02.2021
KHM;Kaldheim;05.02.2021
KHC;Kaldheim Commander;05.02.2021
PJ21;Judge Gift Cards 2021;01.01.2021
CC1;Commander Collection: Green;04.12.2020
KLR;Kaladesh Remastered;12.11.2020
TCMR;Commander Legends Tokens;11.11.2020
CMR;Commander Legends;11.11.2020
PLIST;The List;26.09.2020
TZNR;Zendikar Rising Tokens;25.09.2020
ZNC;Zendikar Rising Commander;25.09.2020
ZNR;Zendikar Rising;25.09.2020
ZNE;Zendikar Rising Expeditions;25.09.2020
PZNR;Zendikar Rising Promos;25.09.2020
AKR;Amonkhet Remastered;13.08.2020
ANB;Arena Beginner Set;13.08.2020
2XM;Double Masters;07.08.2020
HTR19;2019 Heroes of the Realm;01.08.2020
AJMP;Jumpstart Arena Exclusives;17.07.2020
JMP;Jumpstart;17.07.2020
TM21;Core Set 2021 Tokens;03.07.2020
PM21;Core Set 2021 Promos;03.07.2020
M21;Core Set 2021;03.07.2020
SS3;Signature Spellbook: Chandra;26.06.2020
SLU;Secret Lair: Ultimate Edition;29.05.2020
PLGS;Love Your LGS;18.05.2020
C20;Commander 2020;17.04.2020
TIKO;Ikoria: Lair of Behemoths Tokens;16.04.2020
PIKO;Ikoria: Lair of Behemoths Promos;16.04.2020
IKO;Ikoria: Lair of Behemoths;16.04.2020
FMB1;Mystery Booster Retail Edition Foils;08.03.2020
MB1;Mystery Booster;03.03.2020
TUND;Unsanctioned Tokens;29.02.2020
UND;Unsanctioned;29.02.2020
TTHB;Theros: Beyond Death Tokens;24.01.2020
PTHB;Theros Beyond Death Promos;24.01.2020
THB;Theros: Beyond Death;24.01.2020
PF20;MagicFest 2020;01.01.2020
J20;Judge Gift Cards 2020;01.01.2020
SLD;Secret Lair Drop Series;02.12.2019
PSLD;Secret Lair Promos;02.12.2019
TGN2;Game Night 2019 Tokens;15.11.2019
GN2;Game Night 2019;15.11.2019
CMB1;Mystery Booster Playtest Cards;07.11.2019
PTG;Ponies: The Galloping;22.10.2019
ELD;Throne of Eldraine;04.10.2019
CELD;ELD Collector Boosters;04.10.2019
PELD;Throne of Eldraine Promos;04.10.2019
TELD;Throne of Eldraine Tokens;04.09.2019
C19;Commander 2019;23.08.2019
TC19;Commander 2019 Tokens;23.08.2019
HTR18;2018 Heroes of the Realm;01.08.2019
PS19;San Diego Comic-Con 2019;18.07.2019
M20;Core Set 2020;12.07.2019
PPP1;M20 Promo Packs;12.07.2019
TM20;Core Set 2020 Tokens;12.07.2019
PM20;Core Set 2020 Promos;12.07.2019
SS2;Signature Spellbook: Gideon;28.06.2019
MH1;Modern Horizons;14.06.2019
TMH1;Modern Horizons Tokens;14.06.2019
WAR;War of the Spark;03.05.2019
TWAR;War of the Spark Tokens;03.05.2019
J19;Judge Gift Cards 2019;10.04.2019
PWAR;War of the Spark Promos;31.03.2019
PRW2;RNA Ravnica Weekend;16.02.2019
GK2;RNA Guild Kit;15.02.2019
TGK2;RNA Guild Kit Tokens;15.02.2019
RNA;Ravnica Allegiance;25.01.2019
PRNA;Ravnica Allegiance Promos;25.01.2019
TRNA;Ravnica Allegiance Tokens;25.01.2019
PF19;MagicFest 2019;01.01.2019
UMA;Ultimate Masters;07.12.2018
PUMA;Ultimate Box Topper;07.12.2018
GNT;Game Night;16.11.2018
PRWK;Ravnica Weekend;09.11.2018
TGK1;Guilds of Ravnica Guild Kit Tokens;02.11.2018
GK1;Guilds of Ravnica Guild Kit;02.11.2018
GRN;Guilds of Ravnica;05.10.2018
PGRN;Guilds of Ravnica Promos;05.10.2018
TGRN;Guilds of Ravnica Tokens;05.10.2018
MED;Mythic Edition;03.10.2018
TMED;Mythic Edition Tokens;03.10.2018
C18;Commander 2018;09.08.2018
tC18;Commander 2018 Tokens;09.08.2018
HTR17;Heroes of the Realm 2017;01.08.2018
PS18;San Diego Comic-Con 2018;19.07.2018
M19;Core Set 2019;13.07.2018
PSS3;M19 Standard Showdown;13.07.2018
pM19;Core Set 2019 Promos;13.07.2018
tM19;Core Set 2019 Tokens;13.07.2018
G18;M19 Gift Pack;13.07.2018
ANA;Arena New Player Experience;12.07.2018
GS1;Global Series Jiang Yanggu & Mu Yanling;22.06.2018
SS1;Signature Spellbook: Jace;15.06.2018
CM2;Commander Anthology Volume II;08.06.2018
BBD;Battlebond;08.06.2018
tBBD;Battlebond Tokens;08.06.2018
PBBD;Battlebond Promos;08.06.2018
DOM;Dominaria;27.04.2018
tDOM;Dominaria Tokens;27.04.2018
pDOM;Dominaria Promos;27.04.2018
DDU;Duel Decks: Elves vs. Inventors;06.04.2018
tDDU;Duel Decks: Elves vs. Inventors tokens;06.04.2018
tA25;Masters 25 Tokens;16.03.2018
A25;Masters 25;16.03.2018
RIX;Rivals of Ixalan;19.01.2018
pRIX;Rivals of Ixalan Promo;19.01.2018
tRIX;Rivals of Ixalan Tokens;19.01.2018
F18;Friday Night Magic 2018;05.01.2018
pNAT;Nationals Promos;01.01.2018
UST;Unstable;08.12.2017
pUST;Unstable Promos;08.12.2017
tUST;Unstable Tokens;08.12.2017
V17;From the Vault: Transform;24.11.2017
E02;Explorers of Ixalan;24.11.2017
IMA;Iconic Masters;17.11.2017
tIMA;Iconic Masters Tokens;17.11.2017
DDT;Duel Decks: Merfolk vs. Goblins;10.11.2017
tDDT;Duel Decks: Merfolk vs. Goblins Tokens;10.11.2017
pGP17;2017 Gift Pack;20.10.2017
XLN;Ixalan;29.09.2017
tXLN;Ixalan Tokens;29.09.2017
pXLN;Ixalan Promo;29.09.2017
PSS2;Ixalan Standard Showdown;29.09.2017
pXTC;Ixalan Treasure Chest;29.09.2017
H17;HasCon 2017;20.09.2017
HTR;Heroes of the Realm 2016;20.09.2017
C17;Commander 2017;25.08.2017
tC17;Commander 2017 Tokens;25.08.2017
J17;Judge Gift Cards 2017;01.08.2017
PS17;San Diego Comic-Con 2017;20.07.2017
HOU;Hour of Devastation;14.07.2017
pHOU;Hour of Devastation Promo;14.07.2017
tHOU;Hour of Devastation Tokens;14.07.2017
E01;Archenemy: Nicol Bolas;16.06.2017
tE01;Archenemy: Nicol Bolas Tokens;16.06.2017
CMA;Commander Anthology;09.06.2017
tCMA;Commander Anthology Tokens;09.06.2017
MPS_AKH;Masterpiece Series: Amonkhet Invocations;28.04.2017
AKH;Amonkhet;28.04.2017
pAKH;Amonkhet Promo;28.04.2017
tAKH;Amonkhet Tokens;28.04.2017
W17;Welcome Deck 2017;15.04.2017
DDS;Duel Decks: Mind vs. Might;31.03.2017
tDDS;Duel Decks: Mind vs. Might Tokens;31.03.2017
MM3;Modern Masters 2017 Edition;17.03.2017
tMM3;Modern Masters 2017 Tokens;17.03.2017
AER;Aether Revolt;20.01.2017
tAER;Aether Revolt Tokens;20.01.2017
pAER;Aether Revolt Promo;20.01.2017
F17;Friday Night Magic 2017;06.01.2017
L17;League Tokens 2017;01.01.2017
PCA;Planechase Anthology;25.11.2016
C16;Commander 2016;11.11.2016
tC16;Commander 2016 Tokens;11.11.2016
KLD;Kaladesh;30.09.2016
tKLD;Kaladesh Tokens;30.09.2016
MPS;Masterpiece Series: Kaladesh Inventions;30.09.2016
pKLD;Kaladesh Promo;30.09.2016
DDR;Duel Decks: Nissa vs. Ob Nixilis;02.09.2016
CN2;Conspiracy: Take the Crown;26.08.2016
tCN2;Conspiracy: Take the Crown Tokens;26.08.2016
V16;From the Vault: Lore;19.08.2016
EMN;Eldritch Moon;22.07.2016
pEMN;Eldritch Moon Promo;22.07.2016
tEMN;Eldritch Moon Tokens;22.07.2016
PS16;San Diego Comic-Con 2016;21.07.2016
EMA;Eternal Masters;10.06.2016
tEMA;Eternal Masters Tokens;10.06.2016
SOI;Shadows over Innistrad;08.04.2016
W16;Welcome Deck 2016;08.04.2016
pSOI;Shadows over Innistrad Promo;08.04.2016
tSOI;Shadows over Innistrad Tokens;08.04.2016
DDQ;Duel Decks: Blessed vs. Cursed;26.02.2016
OGW;Oath of the Gatewatch;22.01.2016
pOGW;Oath of the Gatewatch Promo;22.01.2016
tOGW;Oath of the Gatewatch Tokens;22.01.2016
F16;Friday Night Magic 2016;16.01.2016
J16;Judge Gift Cards 2016;08.01.2016
L16;League Tokens 2016;01.01.2016
C15;Commander 2015;13.11.2015
tC15;Commander 2015 Tokens;13.11.2015
BFZ;Battle for Zendikar;02.10.2015
tBFZ;Battle for Zendikar Tokens;02.10.2015
EXP;Zendikar Expeditions;02.10.2015
pBFZ;Battle for Zendikar Promo;02.10.2015
PSS1;Battle for Zendikar Standard Series;02.10.2015
DDP;Duel Decks: Zendikar vs. Eldrazi;28.08.2015
V15;From the Vault: Angels;21.08.2015
ORI;Magic Origins;17.07.2015
tORI;Magic Origins Tokens;17.07.2015
CP3;Magic Origins Clash Pack;17.07.2015
pORI;Magic Origins Promo;17.07.2015
PS15;San Diego Comic-Con 2015;09.07.2015
MM2;Modern Masters 2015 Edition;22.05.2015
tMM2;Modern Masters 2015 Tokens;22.05.2015
TPR;Tempest Remastered;06.05.2015
DTK;Dragons of Tarkir;27.03.2015
pDTK;Dragons of Tarkir Promo;27.03.2015
pTKDF;Tarkir Dragonfury;27.03.2015
tDTK;Dragons of Tarkir Tokens;27.03.2015
DDO;Duel Decks: Elspeth vs. Kiora;27.02.2015
FRF;Fate Reforged;23.01.2015
CP2;Fate Reforged Clash Pack;23.01.2015
pFRF;Fate Reforged Promo;23.01.2015
tFRF;Fate Reforged Tokens;23.01.2015
UGIN;Ugin's Fate promos;17.01.2015
J15;Judge Gift Cards 2015;08.01.2015
L15;League Tokens 2015;01.01.2015
JVC;Duel Decks Anthology: Jace vs. Chandra;05.12.2014
GVL;Duel Decks Anthology: Garruk vs. Liliana;05.12.2014
EVG;Duel Decks Anthology: Elves vs. Goblins;05.12.2014
DVD;Duel Decks Anthology: Divine vs. Demonic;05.12.2014
tDVD;Duel Decks Anthology: Divine vs. Demonic Tokens;05.12.2014
tGVL;Duel Decks Anthology: Garruk vs. Liliana Tokens;05.12.2014
tJVC;Duel Decks Anthology: Jace vs. Chandra Tokens;05.12.2014
C14;Commander 2014;07.11.2014
tC14;Commander 2014 Tokens;07.11.2014
KTK;Khans of Tarkir;26.09.2014
tKTK;Khans of Tarkir Tokens;26.09.2014
pKTK;Khans of Tarkir Promos;26.09.2014
DDN;Duel Decks: Speed vs. Cunning;05.09.2014
tDDN;Duel Decks: Speed vs. Cunning Tokens;05.09.2014
V14;From the Vault: Annihilation (2014);22.08.2014
PS14;San Diego Comic-Con 2014;24.07.2014
M15;Magic 2015 Core Set;18.07.2014
tM15;Magic 2015 Tokens;18.07.2014
CP1;Magic 2015 Clash Pack;18.07.2014
F15;Friday Night Magic 2015;18.07.2014
PM15;Magic 2015 Promos;18.07.2014
VMA;Vintage Masters;16.06.2014
CNS;Magic: The Gatheringâ€”Conspiracy;06.06.2014
tCNS;Conspiracy Tokens;06.06.2014
MD1;Modern Event Deck 2014;30.05.2014
tMD1;Modern Event Deck 2014 Tokens;30.05.2014
JOU;Journey into Nyx;02.05.2014
pJOU;Journey into Nyx Promos;02.05.2014
THP3;Journey into Nyx Hero's Path;02.05.2014
tJOU;Journey into Nyx Tokens;02.05.2014
TDAG;Defeat a God;02.05.2014
DDM;Duel Decks: Jace vs. Vraska;14.03.2014
tDDM;Duel Decks: Jace vs. Vraska Tokens;14.03.2014
BNG;Born of the Gods;07.02.2014
tBNG;Born of the Gods Tokens;07.02.2014
pBNG;Born of the Gods Promos;07.02.2014
TBTH;Battle the Horde;07.02.2014
THP2;Born of the Gods Hero's Path;07.02.2014
J14;Judge Gift Cards 2014;08.01.2014
F14;Friday Night Magic 2014;03.01.2014
PI14;IDW Comics 2014;01.01.2014
L14;League Tokens 2014;01.01.2014
C13;Commander 2013 Edition;01.11.2013
THS;Theros;27.09.2013
tTHS;Theros Tokens;27.09.2013
pTHS;Theros Promos;27.09.2013
TFTH;Face the Hydra;27.09.2013
THP1;Theros Hero's Path;27.09.2013
DDL;Duel Decks: Heroes vs. Monsters;06.09.2013
tDDL;Duel Decks: Heroes vs. Monsters Tokens;06.09.2013
V13;From the Vault: Twenty;23.08.2013
M14;Magic 2014 Core Set;19.07.2013
pM14;Magic 2014 Promos;19.07.2013
tM14;Magic 2014 Tokens;19.07.2013
PSDC;San Diego Comic-Con 2013;18.07.2013
PDP14;Duels of the Planeswalkers Promos 2014;26.06.2013
MMA;Modern Masters;07.06.2013
tMMA;Modern Masters Tokens;07.06.2013
DGM;Dragon's Maze;03.05.2013
pDGM;Dragon's Maze Promos;03.05.2013
tDGM;Dragon's Maze Tokens;03.05.2013
pWCQ;World Magic Cup Qualifiers;06.04.2013
DDK;Duel Decks: Sorin vs. Tibalt;15.03.2013
tDDK;Duel Decks: Sorin vs. Tibalt Tokens;15.03.2013
GTC;Gatecrash;01.02.2013
pGTC;Gatecrash Promos;01.02.2013
tGTC;Gatecrash Tokens;01.02.2013
J13;Judge Gift Cards 2013;08.01.2013
F13;Friday Night Magic 2013;04.01.2013
PI13;IDW Comics 2013;01.01.2013
L13;League Tokens 2013;01.01.2013
CM1;Commander's Arsenal;02.11.2012
RTR;Return to Ravnica;05.10.2012
pRTR;Return to Ravnica Promos;05.10.2012
tRTR;Return to Ravnica Tokens;05.10.2012
DDJ;Duel Decks: Izzet vs. Golgari;07.09.2012
tDDJ;Duel Decks: Izzet vs. Golgari Tokens;07.09.2012
V12;From the Vault: Realms;31.08.2012
pDP13;Duels of the Planeswalkers Promos 2013;14.07.2012
M13;Magic 2013;13.07.2012
pM13;Magic 2013 Promos;13.07.2012
tM13;Magic 2013 Tokens;13.07.2012
PC2;Planechase 2012 Edition;01.06.2012
AVR;Avacyn Restored;04.05.2012
pAVR;Avacyn Restored Promos;04.05.2012
tAVR;Avacyn Restored Tokens;04.05.2012
DDI;Duel Decks: Venser vs. Koth;30.03.2012
tDDI;Duel Decks: Venser vs. Koth Tokens;30.03.2012
DKA;Dark Ascension;03.02.2012
tDKA;Dark Ascension Tokens;03.02.2012
pDKA;Dark Ascension Promos;03.02.2012
J12;Judge Gift Cards 2012;08.01.2012
F12;Friday Night Magic 2012;06.01.2012
pWP12;Wizards Play Network 2012;01.01.2012
pIDW;IDW Comics 2012;01.01.2012
L12;League Tokens 2012;01.01.2012
pDP11;Duels of the Planeswalkers Promos 2011;05.12.2011
PD3;Premium Deck Series: Graveborn;18.11.2011
pDD2;Duel Decks: Jace vs. Chandra Japanese Promos;07.11.2011
ISD;Innistrad;30.09.2011
pISD;Innistrad Promos;30.09.2011
tISD;Innistrad Tokens;30.09.2011
DDH;Duel Decks: Ajani vs. Nicol Bolas;02.09.2011
tDDH;Duel Decks: Ajani vs. Nicol Bolas Tokens;02.09.2011
V11;From the Vault: Legends;26.08.2011
M12;Magic 2012;15.07.2011
pM12;Magic 2012 Promos;15.07.2011
tM12;Magic 2012 Tokens;15.07.2011
CMD;Magic: The Gathering-Commander;17.06.2011
pCMD;Commander 2011 Launch Party;17.06.2011
NPH;New Phyrexia;13.05.2011
tNPH;New Phyrexia Tokens;13.05.2011
pNPH;New Phyrexia Promos;13.05.2011
DDG;Duel Decks: Knights vs. Dragons;01.04.2011
tDDG;Duel Decks: Knights vs. Dragons Tokens;01.04.2011
pDP12;Duels of the Planeswalkers Promos 2012;30.03.2011
MBS;Mirrodin Besieged;04.02.2011
pMBS;Mirrodin Besieged Promos;04.02.2011
tMBS;Mirrodin Besieged Tokens;04.02.2011
ME4;Masters Edition IV;10.01.2011
F11;Friday Night Magic 2011;07.01.2011
pWP11;Wizards Play Network 2011;01.01.2011
P11;Magic Player Rewards 2011;01.01.2011
G11;Judge Gift Cards 2011;01.01.2011
pMPS11;Magic Premiere Shop 2011;01.01.2011
pDP10;Duels of the Planeswalkers Promos 2010;23.11.2010
PD2;Premium Deck Series: Fire and Lightning;19.11.2010
SOM;Scars of Mirrodin;01.10.2010
tSOM;Scars of Mirrodin Tokens;01.10.2010
pSOM;Scars of Mirrodin Promos;01.10.2010
DDF;Duel Decks: Elspeth vs. Tezzeret;03.09.2010
tDDF;Duel Decks: Elspeth vs. Tezzeret Tokens;03.09.2010
V10;From the Vault: Relics;27.08.2010
M11;Magic 2011;16.07.2010
tM11;Magic 2011 Tokens;16.07.2010
pM11;Magic 2011 Promos;16.07.2010
ARC;Archenemy;18.06.2010
pARC;Promotional Schemes;18.06.2010
DPA;Duels of the Planeswalkers;04.06.2010
ROE;Rise of the Eldrazi;23.04.2010
tROE;Rise of the Eldrazi Tokens;23.04.2010
pROE;Rise of the Eldrazi Promos;23.04.2010
DDE;Duel Decks: Phyrexia vs. the Coalition;19.03.2010
tDDE;Duel Decks: Phyrexia vs. the Coalition Tokens;19.03.2010
WWK;Worldwake;05.02.2010
tWWK;Worldwake Tokens;05.02.2010
pWWK;Worldwake Promos;05.02.2010
G10;Judge Gift Cards 2010;08.01.2010
pWP10;Wizards Play Network 2010;01.01.2010
P10;Magic Player Rewards 2010;01.01.2010
pMPS10;Magic Premiere Shop 2010;01.01.2010
F10;Friday Night Magic 2010;01.01.2010
H09;Premium Deck Series: Slivers;20.11.2009
DDD;Duel Decks: Garruk vs. Liliana;30.10.2009
tDDD;Duel Decks: Garruk vs. Liliana Tokens;30.10.2009
ZEN;Zendikar;02.10.2009
tZEN;Zendikar Tokens;02.10.2009
pZEN;Zendikar Promos;02.10.2009
ME3;Masters Edition III;07.09.2009
HOP;Planechase;04.09.2009
pHOP;Promotional Planes;01.09.2009
V09;From the Vault: Exiled;28.08.2009
M10;Magic 2010;17.07.2009
tM10;Magic 2010 Tokens;17.07.2009
pM10;Magic 2010 Promos;17.07.2009
pDTP;Duels of the Planeswalkers Promos 2009;17.06.2009
ARB;Alara Reborn;30.04.2009
tARB;Alara Reborn Tokens;30.04.2009
DDC;Duel Decks: Divine vs. Demonic;10.04.2009
tDDC;Duel Decks: Divine vs. Demonic Tokens;10.04.2009
pURL;URL/Convention Promos;01.03.2009
CON;Conflux;06.02.2009
tCON;Conflux Tokens;06.02.2009
pBOK;Miscellaneous Book Promos;01.02.2009
G09;Judge Gift Cards 2009;08.01.2009
F09;Friday Night Magic 2009;02.01.2009
pWP09;Wizards Play Network 2009;01.01.2009
pMPS09;Magic Premiere Shop 2009;01.01.2009
P09;Magic Player Rewards 2009;01.01.2009
DD2;Duel Decks: Jace vs. Chandra;07.11.2008
tDD2;Duel Decks: Jace vs. Chandra Tokens;07.11.2008
ALA;Shards of Alara;03.10.2008
tALA;Shards of Alara Tokens;03.10.2008
pWPN;Wizards Play Network 2008;01.10.2008
ME2;Masters Edition II;22.09.2008
DRB;From the Vault: Dragons;29.08.2008
EVE;Eventide;25.07.2008
tEVE;Eventide Tokens;25.07.2008
SHM;Shadowmoor;02.05.2008
tSHM;Shadowmoor Tokens;02.05.2008
p15A;15th Anniversary;01.04.2008
pLPA;Launch Parties;01.02.2008
MOR;Morningtide;01.02.2008
tMOR;Morningtide Tokens;01.02.2008
G08;Judge Gift Cards 2008;08.01.2008
F08;Friday Night Magic 2008;04.01.2008
pMPS08;Magic Premiere Shop 2008;01.01.2008
pG08;Gateway 2008;01.01.2008
P08;Magic Player Rewards 2008;01.01.2008
DD1;Duel Decks: Elves vs. Goblins;16.11.2007
tEVG;Duel Decks: Elves vs. Goblins Tokens;16.11.2007
LRW;Lorwyn;12.10.2007
tLRW;Lorwyn Tokens;12.10.2007
ME1;Masters Edition;10.09.2007
pSUM;Summer of Magic;21.07.2007
10E;Tenth Edition;13.07.2007
t10E;Tenth Edition Tokens;13.07.2007
p10E;Tenth Edition Promos;13.07.2007
FUT;Future Sight;04.05.2007
pGPX;Grand Prix;24.02.2007
pPRO;Pro Tour;09.02.2007
PLC;Planar Chaos;02.02.2007
G07;Judge Gift Cards 2007;08.01.2007
F07;Friday Night Magic 2007;05.01.2007
pMPS07;Magic Premiere Shop 2007;01.01.2007
pRES;Resale Promos;01.01.2007
pG07;Gateway 2007;01.01.2007
P07;Magic Player Rewards 2007;01.01.2007
HHO;Happy Holidays;31.12.2006
TSP;Time Spiral;06.10.2006
TSB;"Time Spiral ""Timeshifted""";06.10.2006
CST;Coldsnap Theme Decks;21.07.2006
CSP;Coldsnap;21.07.2006
tCSP;Coldsnap Tokens;21.07.2006
DIS;Dissension;05.05.2006
pCMP;Champs and States;18.03.2006
GPT;Guildpact;03.02.2006
G06;Judge Gift Cards 2006;08.01.2006
F06;Friday Night Magic 2006;06.01.2006
pMPS06;Magic Premiere Shop 2006;01.01.2006
pAL06;Arena League 2006;01.01.2006
pGTW;Gateway 2006;01.01.2006
P06;Magic Player Rewards 2006;01.01.2006
p2HG;Two-Headed Giant Tournament;09.12.2005
RAV;Ravnica: City of Guilds;07.10.2005
9ED;Ninth Edition;29.07.2005
SOK;Saviors of Kamigawa;03.06.2005
BOK;Betrayers of Kamigawa;04.02.2005
G05;Judge Gift Cards 2005;08.01.2005
F05;Friday Night Magic 2005;07.01.2005
pAL05;Arena League 2005;01.01.2005
P05;Magic Player Rewards 2005;01.01.2005
UNH;Unhinged;20.11.2004
CHK;Champions of Kamigawa;01.10.2004
5DN;Fifth Dawn;04.06.2004
DST;Darksteel;06.02.2004
G04;Judge Gift Cards 2004;08.01.2004
F04;Friday Night Magic 2004;02.01.2004
P04;Magic Player Rewards 2004;01.01.2004
pAL04;Arena League 2004;01.01.2004
MRD;Mirrodin;02.10.2003
8ED;Eighth Edition;28.07.2003
pREL;Release Events;26.07.2003
SCG;Scourge;26.05.2003
LGN;Legions;03.02.2003
G03;Judge Gift Cards 2003;08.01.2003
F03;Friday Night Magic 2003;03.01.2003
P03;Magic Player Rewards 2003;01.01.2003
pAL03;Arena League 2003;01.01.2003
ONS;Onslaught;07.10.2002
JUD;Judgment;27.05.2002
TOR;Torment;08.02.2002
G02;Judge Gift Cards 2002;08.01.2002
F02;Friday Night Magic 2002;04.01.2002
PR2;Magic Player Rewards 2002;01.01.2002
pAL02;Arena League 2002;01.01.2002
DKM;Deckmasters;01.12.2001
ODY;Odyssey;01.10.2001
APC;Apocalypse;04.06.2001
7ED;Seventh Edition;11.04.2001
PLS;Planeshift;05.02.2001
G01;Judge Gift Cards 2001;08.01.2001
F01;Friday Night Magic 2001;05.01.2001
MPR;Magic Player Rewards 2001;01.01.2001
pAL01;Arena League 2001;01.01.2001
INV;Invasion;02.10.2000
BTD;Beatdown Box Set;01.10.2000
WC00;World Championship Decks 2000;02.08.2000
PCY;Prophecy;05.06.2000
S00;Starter 2000;24.04.2000
NEM;Nemesis;14.02.2000
pELP;European Land Program;05.02.2000
FNM;Friday Night Magic 2000;01.02.2000
G00;Judge Gift Cards 2000;08.01.2000
pAL00;Arena League 2000;01.01.2000
pSUS;Super Series;01.12.1999
BRB;Battle Royale Box Set;12.11.1999
MMQ;Mercadian Masques;04.10.1999
pWOS;Wizards of the Coast Online Store;04.09.1999
pWOR;Worlds;04.08.1999
pGRU;Guru;12.07.1999
S99;Starter 1999;12.07.1999
UDS;Urza's Destiny;07.06.1999
PTK;Portal Three Kingdoms;01.05.1999
6ED;Classic Sixth Edition;21.04.1999
ULG;Urza's Legacy;15.02.1999
G99;Judge Gift Cards 1999;08.01.1999
pAL99;Arena League 1999;01.01.1999
ATH;Anthologies;01.11.1998
USG;Urza's Saga;12.10.1998
pALP;Asia Pacific Land Program;01.09.1998
UGL;Unglued;11.08.1998
tUGL;Unglued Tokens;11.08.1998
P02;Portal Second Age;24.06.1998
EXO;Exodus;15.06.1998
JGP;Judge Gift Cards 1998;01.06.1998
STH;Stronghold;02.03.1998
TMP;Tempest;14.10.1997
pPRE;Prerelease Events;04.10.1997
WTH;Weatherlight;09.06.1997
pPOD;Portal Demo Game;01.05.1997
POR;Portal;01.05.1997
VAN;Vanguard;01.05.1997
5ED;Fifth Edition;24.03.1997
VIS;Visions;03.02.1997
ITP;Introductory Two-Player Set;31.12.1996
MGB;Multiverse Gift Box;01.11.1996
MIR;Mirage;08.10.1996
pCEL;Celebration;14.08.1996
pARL;Arena League 1996;02.08.1996
RQS;Rivals Quick Start Set;10.06.1996
ALL;Alliances;10.06.1996
HML;Homelands;14.10.1995
CHR;Chronicles;01.07.1995
ICE;Ice Age;01.06.1995
4ED;Fourth Edition;01.04.1995
pMEI;Magazine Inserts;01.01.1995
pLGM;Legend Membership;01.01.1995
FEM;Fallen Empires;15.11.1994
DRK;The Dark;08.08.1994
LEG;Legends;10.06.1994
3ED;Revised Edition;01.04.1994
ATQ;Antiquities;04.03.1994
pDRC;Dragon Con;01.01.1994
pHPR;HarperPrism Book Promos;01.01.1994
ARN;Arabian Nights;17.12.1993
CEI;International Collector's Edition;01.12.1993
CED;Collector's Edition;01.12.1993
2ED;Unlimited Edition;01.12.1993
LEB;Limited Edition Beta;01.10.1993
LEA;Limited Edition Alpha;05.08.1993
